dig,iap,iau,ndn,tts,tec,rdf,fin,agdp,tin,url,gov,net,tra,edu,icl
150.65,1076.76,473.69,125.59,488.9,92305,1973442.3,7.1605759,9.2758,3.89531,86.29,0.20612045,156.9,1.3541225,0.058598171,36817.1
215.62,1186.8,480.4,185.73,757,123336,2130617.5,7.0472572,10.0569,4.03198,86.39,0.21078229,159.53,1.2571124,0.060584941,40830
235.36,1159.86,482.4,265.49,686.7,138111,2335010.1,7.2076942,10.6732,4.13578,86.5,0.2121188,189.46,1.1133419,0.060133349,44488.6
276.38,1580.53,491.9,485.7,923.36,156312,2440874.5,8.1310334,11.3692,4.57462,86.71,0.24930707,181.73,0.8029362,0.059556627,48458
286.37,1784.04,475.76,645.74,593.08,189129,2548433.3,7.8751403,12.3391,4.76782,86.76,0.24959046,178.06,0.6935515,0.059217312,52530.4
329.94,1818.04,541.94,537.46,870.58,185928,2690851.2,7.6260024,13.6172,4.89399,86.93,0.24360323,172.85,0.73208876,0.059536463,57229.8
368.54,2059.86,638.8,443.47,1755.46,211212,2740102.7,7.5058064,15.0962,5.02215,87.09,0.24641837,186.11,0.82450241,0.061481068,62361.2
399,2060.1,688.11,504.99,2682,226113,2851858.7,7.0095852,16.1776,5.23404,87.35,0.20944082,186.66,0.81052865,0.06407274,67755.9
417.88,2084.09,747.31,373.21,3247.63,254165,2974156.5,7.544897,16.4158,5.24401,87.55,0.1971099,178.43,0.64285985,0.067860467,69433.5
122.96,461.67,204.78,11.72,159.3,41009,2558684.6,3.0006949,6.651725,1.15169,81.55,0.16621917,97.8,0.80718936,0.070396081,24029.6
175.26,353.9,188.4,11.51,213.1,60915,3000377.2,3.0587432,7.134462,1.22156,82.29,0.17651352,89.88,0.8002064,0.070068794,26359.2
200.16,397.65,208.81,15.35,207.5,63422,3228056.5,3.0521659,7.496034,1.271,82.55,0.18342423,89.12,0.772922,0.070679286,28832.3
237.53,470.24,249.84,34.9,261,79963,3526665.1,3.2738831,7.586827,1.38712,82.88,0.19544763,88.54,0.6542571,0.071520431,31291.4
245.84,724.33,283.93,35.38,183.09,106514,3499550.5,3.2887737,7.964747,1.58901,83.27,0.20684089,96.01,0.59410971,0.072872626,34074.5
284.03,795.31,339.35,26.5,300.67,86996,2411417.7,3.3717537,8.728048,1.69091,83.57,0.17696406,101.49,0.61234609,0.076162624,37022.3
316.88,897.37,437.91,26.73,737.82,99038,2528761,3.4592953,9.568865,1.72736,83.95,0.16497923,105.7,0.60691213,0.080497614,39506.2
344.11,1092.6,523.63,33.41,1194.6,96045,2134320.2,4.8162756,10.155679,1.80363,84.31,0.25210149,109.15,0.52342155,0.084043105,42404.1
361.46,1254.63,534.6,33.66,1584.54,111514,2287717.3,5.1836094,10.1068,1.80909,84.7,0.22375867,123.4,0.52071924,0.088007917,43854.1
89.32,1756,963.91,27.27,538.7,23241,1980850.3,2.0912579,3.1844,0.846525,46.6,0.15350662,76.1,0.13830757,0.123557601,13646.7
144.98,2049.3,1031.6,25.33,728.7,27619,2327418.3,2.2454668,3.3346,0.889152,48.02,0.15503244,81.91,0.140183,0.118597969,15189.6
160.76,2204.74,1127.64,35.98,728.1,30000,2606711.3,2.4409753,3.4507,0.920745,49.36,0.15897747,84.36,0.14590666,0.12338024,16647.4
199.53,2948.52,1317.22,60.4,866.46,44060,2858050.6,2.7355499,3.5994,1.02247,51.67,0.18896092,82.63,0.12154079,0.129088741,18118.1
214.36,3841.08,1612.02,74.94,623.2,54838,3086607.6,2.9209038,3.8688,1.05895,53.87,0.18863253,95.33,0.10888206,0.133621668,19725.4
258.17,4126.88,1910.1,63.76,1096.19,61288,3509683.7,3.0504946,4.1451,1.15298,55.74,0.19517632,100.83,0.10985831,0.138537185,21484.1
282.77,4192.38,2159.77,86.81,2790.14,83785,3819915.7,3.1757746,4.3808,1.25944,57.33,0.21455574,108.46,0.10976705,0.144827188,23445.7
305.06,4345.82,2359.67,138.39,4741.9,101274,4385826.3,3.6179045,4.7036,1.34887,58.77,0.23669431,109.53,0.1144733,0.150075896,25664.7
322.7,4598.22,2534.35,100.21,5971.71,125608,4854543.5,3.9298725,4.8302,1.33442,60.07,0.24920084,111.73,0.12281908,0.153971789,27135.9
92.98,737.36,504.78,7.11,308.5,16786,1069589.7,3.1147387,3.286388,0.61121,51.32,0.22781299,76.9,0.08127948,0.140220434,13591.5
144.22,881.7,521.3,8.18,392.3,18859,1237697.8,3.2604568,3.384789,0.688977,52.88,0.23924755,85.55,0.08158427,0.125496153,15119.7
167.66,996.79,571.13,13.19,394.6,15687,1247027.3,3.4088731,3.424808,0.780834,54.3,0.24176487,91.35,0.08244514,0.121649433,16538.3
206.3,1345.88,723.94,21.5,472.8,14948,1008949.7,3.698448,3.359271,1.12853,55.87,0.26812146,88.46,0.07725415,0.119071384,17853.7
224.81,1582.89,747.19,23.9,328.73,20031,976282.5,3.92521,3.397242,1.19455,57.27,0.26273964,91.42,0.09263886,0.117171742,19048.9
259.95,1840.12,872.87,24.45,584.21,20697,1122322.9,3.5688563,4.124223,1.07452,58.59,0.24190613,98.53,0.08011595,0.116333533,20420
283.65,1989.15,991.03,107.56,1372.93,27106,1312531.1,3.6030446,4.551663,1.15103,59.85,0.25471947,106.55,0.08609604,0.11713064,21990.1
308.73,2148.19,1126.06,82.06,2375.2,31705,1380812.7,3.9056821,4.846867,1.16122,61.29,0.27666932,106.92,0.08533496,0.117109894,23828.5
325.73,2322.32,1252.11,82.79,3091.7,40302,1561790,4.1433443,5.1051,1.16391,62.53,0.28953654,115.22,0.08534916,0.118121327,25213.7
91.68,548.74,274.8,3.93,258.5,4732,858476.8,1.5783744,4.2441,0.980163,58.42,0.21573458,102.7,0.06788123,0.105993019,16884
146.59,677.2,284.4,4.56,311.2,6388,1004405.6,1.6741344,4.632,1.01422,59.82,0.21792447,107.73,0.06520556,0.101560163,18692.9
172.56,739.91,316.78,6.31,316.6,6359,1080287.4,1.764562,4.9585,1.05697,60.97,0.21834208,105.18,0.07354425,0.10004708,20559.3
214.55,915.95,365.65,8.7,377.07,8876,1186260.5,1.9872968,5.2972,1.14796,62.09,0.23850814,94.66,0.06123616,0.099029508,22310.1
229.93,1200.73,417.18,10.75,249.64,10672,1279853,2.2453649,5.656,1.17548,63.4,0.24893453,98.04,0.05607128,0.098501806,24126.6
258.5,1294.08,494,9.93,491.17,11701,1082639.6,2.7745041,6.1196,1.25531,64.6,0.28142836,112.36,0.06287463,0.097818496,26212.2
271.57,1358.38,628.28,12.24,1270.77,16426,1033594.4,2.6338782,6.6491,1.27138,65.51,0.27945159,120.14,0.06432691,0.099085962,28375.7
293.89,1372.73,682.5,27.91,2075.8,21069,1183624.6,2.7260083,7.117,1.26955,66.46,0.29634865,118.59,0.06388289,0.10072882,30555
309.39,1441.34,722.92,19.52,2584.73,26224,1293714.3,2.7877164,7.164,1.20453,67.48,0.30358414,123.17,0.06048463,0.101923589,31497.3
103.53,1267.47,707.93,22.88,473.2,41152,2894568.8,2.4796319,4.0778,0.79807,65.65,0.18347062,97.9,0.36813426,0.090519154,18760.9
160.07,1631.4,726.9,22.34,582.2,45996,3331302.6,2.5406769,4.3956,0.87255,66.45,0.19098879,104.41,0.36909454,0.086666804,20817.8
187.61,2083.51,772.06,30.26,587.8,37860,3242303.4,2.6226325,4.5915,0.994041,67.05,0.17747457,103.29,0.34968489,0.084738573,22820.2
226.4,2710.76,860.47,48.2,729.4,42153,2418802.6,2.9314226,4.6482,1.17583,68.05,0.15632242,97.89,0.29568936,0.084077801,24575.6
231.41,3239.53,971.73,59.3,512.71,52603,2420636.6,4.0624986,4.7069,1.35851,68.87,0.20575766,101.13,0.28193545,0.083014675,26039.7
267.18,3118.77,1058.62,47.5,873.25,49871,2749477.3,4.0807818,5.0221,1.37615,69.49,0.20843992,108.85,0.30998298,0.082074397,27835.4
290.95,3240.31,1135.99,64.72,1774.96,65686,3006013.9,4.1082189,5.4657,1.37485,70.26,0.21084836,111.96,0.32256292,0.082700909,29701.5
311.01,3270.73,1230.41,96.19,2723.2,69732,3102481.8,4.5075263,5.8019,1.39305,71.21,0.23063897,112.22,0.29231201,0.083391466,31819.8
326.29,3305.19,1331.24,79.51,3388.94,86527,3353222.3,4.7858889,5.8629,1.4287,72.14,0.23946526,114.43,0.26043712,0.083750332,32738.3
87.23,635.58,364.56,6.68,240.6,9171,604325.7,1.8495817,3.2005,1.25703,54.54,0.20698135,82.1,0.1786748,0.096257042,14395
138.36,695,379.6,7.64,295.5,10751,698136,1.9692099,3.5139,1.28929,55.74,0.21038831,86.22,0.16968901,0.092205097,15998.1
165.62,805.95,414.9,10.74,297.5,11933,789431,2.1170255,3.7539,1.28559,56.81,0.21105705,94.91,0.16259659,0.087336223,17520.4
208.2,987.18,427.25,14.7,351.13,14800,861540.5,2.4171433,3.8128,1.27929,57.64,0.22876131,91.22,0.11736468,0.087315232,18683.7
217.07,1560.71,440.01,20.46,264.31,18922,908602.3,2.5963131,4.0259,1.38297,58.75,0.2426838,97.14,0.11755021,0.088535138,19967
254.76,1761.08,501.49,24.64,486.1,20450,749958.4,2.6569721,4.289,1.45946,59.71,0.24930326,105.57,0.11462958,0.089496912,21368.3
276.08,1526.74,588.22,37.09,1077.8,27034,575014.9,2.7230935,4.4925,1.49119,60.85,0.25138876,110.98,0.12159653,0.091425161,22798.4
292.77,1686.62,618.3,62.67,1769.3,31052,684086.4,3.8406149,4.7554,1.52478,61.63,0.33542086,107.69,0.11120689,0.092265605,24562.9
308.26,1651.18,654.23,55.81,2119.9,34438,776447.7,4.0611146,5.0561,1.4776,62.64,0.3352343,119.22,0.10379666,0.093295141,25751
87.91,771.67,435.83,7.33,297.4,30610,906170.1,1.9574512,2.935209,0.744421,56.88,0.23164018,69.5,0.21540761,0.098955263,14302
141.4,865.2,459.6,85.75,377.3,32264,950335.3,2.0806707,3.206804,0.789367,58.04,0.23308211,78.76,0.20321037,0.083531178,15903.5
167.8,1044,484.61,79.09,385.9,31856,955820.4,2.2085158,3.346376,0.945612,59.22,0.22834857,90.21,0.19633928,0.082292517,17404.4
209.93,1308.82,519.54,72.1,459.29,34611,880392.4,2.5242332,3.275895,1.28623,60.47,0.26655714,87.36,0.11195154,0.08308212,18592.7
221.89,1964.94,575.05,23.69,320.28,35293,884925.1,2.6310128,3.402463,1.47817,61.09,0.27475077,90.69,0.0923566,0.083543402,19838.5
256.78,1937.24,664.59,20.11,597.31,30958,825853.8,2.7204279,3.588747,1.65597,61.9,0.2918426,96.53,0.10391836,0.083465872,21205.8
274.73,2113.15,810.67,28.1,1131.53,34582,605680.1,2.8000039,3.819946,1.78433,63.46,0.28583967,101.6,0.13618229,0.084166366,22725.8
292.87,2181.08,848.28,56.03,1732.4,37313,714862.2,3.6271256,4.115597,1.84641,64.62,0.36815381,104.74,0.13807107,0.084311797,24253.6
306.08,2127.48,886.33,53.61,2092.5,43252,774634.2,3.9563821,4.2432,1.95324,65.61,0.39781071,120.7,0.11193926,0.084079775,24902
150.77,1491.5,541.02,84.35,447.1,82682,3715074.5,5.1798261,8.9613,1.59065,89.3,0.20731731,128.2,1.2935356,0.056305627,38550
222.14,1374.6,511.1,78.3,791.8,86450,4047800.2,5.2073343,9.5746,1.78435,89.6,0.20756159,132.52,1.1777498,0.056617198,42173.6
239.53,1404.49,532.15,102.31,595.5,81664,4492192,5.1680192,10.2827,1.91173,89.3,0.2089063,135.74,1.1337648,0.05622882,45965.8
278.11,1464.79,568.76,204.8,778.76,100006,4742443.3,6.2550247,10.9186,2.1826,88.53,0.24644545,129.69,1.0406706,0.055705126,49867.2
282.22,1595.66,635.71,263.21,509.97,119937,4900778,6.0504424,12.1369,2.47397,89,0.24553838,130.44,0.96403736,0.055161127,54305.3
336.65,1810.2,681.33,240.56,693.79,131740,5399952.8,5.8643965,13.3489,2.44473,89.1,0.24638862,136.4,0.9765177,0.054968856,58988
377.73,1871.82,772.92,147.45,1436.34,150233,5548768.1,5.9481479,14.5767,2.46567,89.13,0.2555561,153.57,0.94759463,0.056199354,64182.7
410.28,2028.61,890.15,138.88,2240.4,173586,5906504,5.5736212,15.3299,2.71611,89.22,0.21436801,165.06,0.89692527,0.057909956,69441.6
431.93,2322.04,918.96,140.69,2824.19,210293,6350087,6.2145832,15.6803,2.78762,89.3,0.2093536,171.99,0.89797761,0.060100353,72232.4
122.03,2892.37,1350.72,52.24,914.6,472656,10803107,2.5113997,6.653276,0.858531,63.01,0.13000188,94.6,0.64411257,0.091212106,22432
180.98,3063.2,1431.35,64.86,1402.8,504500,12395745,2.5640445,7.276779,0.917772,64.39,0.13051097,100.03,0.57477053,0.089368433,24775.5
204.16,3503.32,1523.35,83.64,1321.3,421907,13765378,2.603063,7.871124,0.971835,65.7,0.13016852,101.39,0.53397611,0.091788999,27172.8
244.01,4697.26,2346.32,130.3,1800.47,428337,15065065,2.7454298,8.587121,1.01678,67.49,0.13816429,100.21,0.4768684,0.094305304,29538.8
253.75,5676.85,2685.24,173.24,1206.6,512429,16575418,2.823863,9.265794,1.09212,68.93,0.12898542,102.5,0.43734456,0.096921596,32070.1
297.69,6531.73,3106.15,161.61,2066.5,514402,18338832,2.7807577,10.220157,1.09141,70.18,0.12368766,109.69,0.46451905,0.100111279,35024.1
334.02,7131.47,3351.87,188.35,4814.66,600306,20245195,2.8298954,11.05075,1.1141,71.19,0.1258961,121.65,0.47135456,0.104697892,38095.8
361.93,7248.96,3585.74,242.54,7545.4,594249,22061581,2.9336037,11.66501,1.16881,72.47,0.12620052,125.97,0.44018412,0.108645968,41399.7
381.61,7224.86,3756.83,206.74,9188.72,719452,23816885,3.2569963,12.1333,1.20182,73.44,0.13319396,116.78,0.43166278,0.112137967,43390.3
146.35,2250.42,1152.64,343,809.9,249373,5886071.2,3.6401875,6.1097,0.923154,62.91,0.12005886,117.9,0.57355902,0.102657098,27020
205.77,2447.4,1242.7,69.1,1283.5,294014,6843562,3.6833553,6.5105,0.960926,63.94,0.12528863,128.62,0.55701859,0.100592151,29775
224.45,2632.62,1276.09,91.16,1143.9,261435,7681473,3.7488584,6.8569,0.955849,64.96,0.12843368,133.82,0.54491443,0.099064737,32657.6
264.85,4768.88,1906.83,208.8,1613.54,307264,8535689.1,3.8885672,7.3276,1.02539,66.32,0.15496675,131.5,0.49644279,0.097287185,35537.1
268.1,4720.62,2159.71,336.16,1116.48,393147,9357877.1,3.8376631,7.8384,1.10297,67.72,0.14759914,129.27,0.47311088,0.095832658,38529
318.05,5455.12,2464.57,207.56,1794.18,377115,10301447,3.8161182,8.5612,1.17103,68.91,0.1454621,134.18,0.4869093,0.095168428,42045.7
357.45,5970.97,2653.79,149.19,4101.33,455590,11473921,3.955496,9.323,1.21379,70.02,0.15355814,144.83,0.49326924,0.095481349,45839.8
387.49,6284.4,2778.91,184.01,6717,435883,12742260,4.0584128,9.877,1.29568,71.58,0.16123095,149.34,0.49392883,0.095565271,49898.8
406.88,6031.51,2938.83,167.5,8309.99,507050,13958988,4.5787028,10.0738,1.37175,72.17,0.15603614,132.96,0.52152929,0.095430051,52397.4
96.63,1063.77,507.01,11.93,372.2,74888,2089813.8,2.3243424,3.0697,0.765063,46.3,0.23013004,60.5,0.13520212,0.124961994,13593
150.83,1124.6,546.8,21.16,534,93353,2477246.1,2.4247534,3.4404,0.799093,47.87,0.22620073,65.65,0.13695495,0.122648464,15154.3
180.59,1175.7,563.82,35.6,549.2,99160,2847303.2,2.5346126,3.758,0.841523,49.31,0.22371128,69.31,0.13414314,0.12134097,16795.5
211.28,2211.53,913.29,48.9,707.27,127709,3221421.9,2.7706819,3.9692,0.979563,50.97,0.23807589,68.17,0.12504401,0.120801248,18362.6
228.78,2527.33,1075.03,74.54,489.54,172552,3709223.8,2.9539463,4.3686,1.06798,52.62,0.22627974,70.1,0.11213582,0.121872634,19998.1
271.6,2872.24,1323.65,72.15,831.8,175872,4361174.8,3.0094345,4.9092,1.13654,54.29,0.22961766,78.09,0.12290766,0.124018144,21863.3
303.83,3373.97,1662.42,90.47,2260.95,207428,4973027.4,3.0210432,5.6063,1.22591,55.65,0.21902021,87.54,0.12226654,0.127300609,23983.6
330.29,3481.29,1864.7,151.36,4006.7,166871,5765370.5,2.6870602,6.0561,1.2665,57.02,0.19917616,91.8,0.12868224,0.129635571,26415.1
350.16,3543.65,2092.99,154.83,5053.59,202298,6394210.6,2.9108468,6.2411,1.29203,58.33,0.19321288,98.74,0.14034658,0.13195459,28103.2
123.21,1439.84,737.95,81.57,514.2,42773,2381656.2,2.4102035,5.2959,0.763255,59.32,0.13234845,108.8,0.48753057,0.112943556,19141
183.1,1439.4,835.6,66.13,738.4,53701,2791965.8,2.510562,5.8255,0.758389,60.8,0.14032976,114.02,0.46598272,0.112306023,21218
202.59,1618.68,899.17,90.21,694.3,58075,3153831.2,2.5735915,6.3709,0.753595,61.99,0.1374598,112.37,0.43692427,0.114095209,23330.8
245.21,2335.32,1044.8,200.6,860.61,83146,3469810.1,2.7151805,6.7649,0.811819,63.22,0.15402647,108.2,0.39211767,0.116537801,25404.4
252.67,2482.29,1144.62,509.59,588.52,130376,3882632.1,2.7168492,7.4024,0.870394,64.39,0.14839687,107.36,0.35180943,0.118928362,27607.9
299.28,2861.77,1373.6,882.49,908.95,128079,4487933.8,2.6718743,8.3758,0.941516,65.78,0.14555145,109.82,0.34119717,0.121123838,30047.8
334.44,3244.96,1629.12,736.37,2026.23,166610,5249416.9,2.5783794,9.4719,0.926421,66.98,0.13497639,115.54,0.32055299,0.125121442,32643.9
360.51,3232.05,1779.04,695.12,3235.5,153133,5985139.2,2.4172001,10.2722,0.98007,67.87,0.11977662,118.81,0.31473761,0.129267561,35616.1
380.13,3370,1831.02,324.9,3908.46,174867,6669130.9,2.6477511,10.5818,1.02682,68.75,0.11880721,114.09,0.31983926,0.133432129,37202.4
91.93,719.32,371.99,7.71,278.7,12458,925984.5,2.1561015,2.862373,0.64921,47.39,0.23316457,57.3,0.16468593,0.159184939,13567
146.13,868.6,410.1,9.61,379.2,16938,1106442.9,2.2688389,3.195212,0.665331,49.04,0.24082264,62.07,0.15914411,0.149959093,15099.7
175.69,975.14,434.24,18.01,394.4,25594,1284642.3,2.3832378,3.498834,0.704273,50.55,0.2470755,64.69,0.16753271,0.151441875,16734.2
208.35,1693.24,710.94,35.6,550.37,36936,1474968.4,2.6073113,3.743645,0.800556,52.3,0.26384884,66.37,0.1573704,0.154208205,18437.1
223.76,2055.59,822.5,38.5,386.54,60494,1797561.3,2.7543435,4.094998,0.900307,53.99,0.24960268,68.39,0.14458996,0.155099377,20109.6
267.17,1985.92,997.07,33.23,661.48,70591,2216865.2,2.9208835,4.487794,0.945611,55.7,0.25549289,74.62,0.14812276,0.157534117,22031.5
296.23,2032.68,1323.36,77.1,1609.18,86001,2677714,2.9956088,5.034688,1.06713,57.34,0.25779198,87,0.1403722,0.161543652,24079.7
319.13,2369.5,1448.78,156.68,2838.5,91474,3202150.6,3.024223,5.464014,1.08955,59.07,0.25797435,89.09,0.14231925,0.163207595,26262.5
340.61,2532.85,1510.52,130.67,3537.88,109738,3460219.1,3.3310862,5.7065,1.11904,60.44,0.25977775,94.04,0.15578655,0.16311071,28016.5
100.35,2144.86,1364.12,46.9,797.5,128614,9056006.8,1.9652054,4.434761,0.828844,52.03,0.11805913,78.7,0.36082308,0.115400917,17126.7
159.3,2537,1465.1,432.39,1063.8,155170,10528097,2.0153783,4.867311,0.896462,53.46,0.12110738,85.62,0.34865508,0.114351149,19008.3
181.88,2949.1,1523.9,304.17,1066.8,158619,11755482,2.0666523,5.193294,0.954892,54.77,0.12077607,88.5,0.33503271,0.115674521,20864.2
220.66,4003.35,1980.82,199.3,1269.06,193220,12917718,2.1564091,5.620493,1.03047,56.97,0.13094769,92.3,0.27104976,0.117023931,22703.2
232.57,4680.02,2366.53,172.07,863.38,212911,14150035,2.2187156,5.923934,1.10961,59.13,0.12870673,96.46,0.26490736,0.117689983,24685.3
272.06,5596.91,2588.74,119.65,1499,204859,15636785,2.2288772,6.29932,1.16075,60.79,0.12746621,99.38,0.28346859,0.119936131,26929.9
301.13,6312.27,2884.82,151.66,3659.14,231585,14184975,2.2783307,6.628431,1.24165,61.46,0.13209159,105.2,0.29031363,0.1226454,29204.6
327.36,6915.23,3186.1,177.31,5786.4,263211,12109485,2.6884922,6.990089,1.3223,61.86,0.15112049,107.1,0.29044644,0.125340263,31597
347.81,6756.76,3445.62,181.99,7198.8,337280,13656187,2.9568297,7.1825,1.3697,63.05,0.15361238,107.43,0.30202562,0.127105881,32885.7
83.68,1435.71,927.62,22.8,610.9,43442,2489651,1.7659905,3.0497,0.687532,41.99,0.16913908,61.6,0.11276926,0.181032637,12772
142.08,1747,1000.5,36.75,837.8,55920,2953409.5,1.898106,3.3114,0.738331,43.6,0.17341052,76.49,0.11738714,0.158179985,14203.7
166.65,2016.41,1087.93,63.29,894.5,62434,3372309.5,1.9896394,3.5982,0.784552,45.05,0.17255277,81.74,0.11543416,0.157336091,15695.2
205.34,3241.88,1488.98,103.2,1164.37,74373,3688252.4,2.164225,3.8338,0.842477,47.02,0.18375549,79.51,0.12391695,0.158352201,17124.8
223.12,4345.79,1767.23,117.75,757.67,94669,4096961.7,2.2761533,4.1326,0.905825,48.78,0.18417125,82.76,0.11752224,0.161690806,18443.1
266.92,4475.85,2128.38,123.18,1484.62,119240,4722542,2.3025339,4.5723,0.942933,50.56,0.18439951,89.48,0.11693118,0.164483569,20170
295.76,4780.81,2503.91,207.48,3950.31,154381,5289250,2.3691929,5.0714,1.07022,52.24,0.1918122,97.39,0.10974288,0.167937074,21963.5
322.12,4752.84,2769.2,313.52,5999.1,144010,6087152.7,2.3528655,5.4356,1.13071,54.01,0.18732178,102.09,0.10594608,0.171380396,23902.7
340.81,4934.54,3090.94,273.05,8156.78,178585,6855770.4,2.575914,5.4691,1.20087,55.43,0.18860394,101.16,0.1219895,0.172875647,24810.1
101.42,1023.53,707.98,15.65,438.7,51316,2633099.2,2.1253548,3.914893,0.78579,53.23,0.16897591,79.1,0.08931525,0.102399343,14809
164.76,1153.2,813.3,21,610.2,50816,3117986.6,2.2106234,4.383455,0.898846,54.51,0.1763343,76.16,0.08878126,0.099248844,16472.5
190.14,1266.06,869.73,35.49,620.4,59050,3629506.1,2.256624,4.863463,0.940398,55.73,0.18021515,79.21,0.09361335,0.094678422,18283.2
226.75,2061.13,1014.36,133.2,828.34,74240,4072725.7,2.3979712,5.202126,1.00701,57.18,0.2075398,77.42,0.09350108,0.095715915,20025.6
239.86,2594.68,1131.88,101.96,515.29,95157,4459621.6,2.5046609,5.684363,1.06144,58.57,0.19662958,79.59,0.07844333,0.097217349,21786.6
285.28,2605.51,1242.92,78.97,857.64,110234,4689376.8,2.5909935,6.316906,1.14499,59.88,0.1917031,84.62,0.08402295,0.099123035,23757.2
319.48,2961.29,1480.73,106.21,2040.03,124535,5255193.9,2.5880373,7.109712,1.18926,61,0.18437658,94.13,0.08311756,0.102705898,25814.5
344.4,3062.28,1708.32,206.33,3370.8,141321,5865142.5,2.4609254,7.6712,1.2229,61.83,0.17391455,95.97,0.08679971,0.105798161,28319.5
358.64,3221.41,1870.16,180.39,4205.17,163613,6109588.3,2.92406,7.3687,1.43956,62.89,0.19434162,98.37,0.09882854,0.111553397,27880.6
93.71,1070.16,604.39,14.28,442.5,35709,2290876.8,1.7511691,3.220292,0.877709,46.22,0.18592388,64.6,0.06533223,0.119508088,14391
147.71,1219.6,702.4,17.98,595.3,41336,2703987.2,1.8283528,3.570165,0.920147,47.63,0.19051876,68.3,0.06621975,0.119121106,16004.9
167.27,1498.31,744.92,32.52,663.7,44194,3100445.7,1.8877129,3.918141,0.962791,48.98,0.18557238,70.15,0.0731773,0.121036984,17621.7
206.38,1931.75,910.48,58.6,802.51,54501,3525450.2,2.0912758,4.31553,1.03626,50.79,0.19821042,69.17,0.06394965,0.123765956,19317.5
217.69,2395.26,1066.88,137.19,555.75,67779,3929647.3,2.2036761,4.660642,1.1587,52.7,0.20091552,73.2,0.05649829,0.126455955,21114.8
261.12,2436.01,1315.48,112.45,929.11,77934,4617716.2,2.3177711,5.103049,1.2905,54.62,0.20261918,82.85,0.07191939,0.129038685,23102.7
286.81,2821.1,1635.32,122.28,2477.1,94503,5167217.3,2.346006,5.476286,1.39106,56.09,0.20533809,91.36,0.08465206,0.13262939,25240.8
310.85,2997.94,1873.77,250.15,4248.8,106113,5931484.9,2.3917165,6.010417,1.35343,57.45,0.20211299,96.09,0.10868013,0.135415678,27679.7
332.03,3242.37,2113.17,184.81,5671.25,128573,6645286,2.5684765,6.290025,1.33879,58.76,0.20112083,101.13,0.11669115,0.137474787,29379.9
127.06,3158.08,1903.57,281.58,1766.4,229514,10778634,3.0170489,5.230785,0.985526,67.15,0.12945732,118.7,1.0896123,0.133740902,21268
184.78,3325.2,2081.7,355.36,2768.1,264265,12374791,3.1268516,5.602921,1.03207,68.09,0.1346303,138.16,1.0816023,0.127167347,23420.8
201.53,3597.68,2174.12,390.49,2493.5,278358,13752869,3.1382358,5.990863,1.03988,68.62,0.13497508,139.35,0.97006778,0.123830142,25685
240.95,4765.46,2682.67,497.1,3150.03,355939,15205497,3.516555,6.451626,1.10955,69.51,0.17617567,133.47,0.85217551,0.12241812,27858.9
248,6515.61,2779.39,556.57,1991.31,505667,16762749,3.5960414,6.967115,1.2159,70.15,0.16629899,130.46,0.77228929,0.12180367,30295.8
296.17,6482.33,3246.83,397.87,3579.7,627834,18650313,3.5735676,7.621836,1.28451,70.74,0.16763214,132.48,0.74162438,0.122504332,33003.3
331.92,8149.07,3597.84,449.03,7798.43,793819,21072031,3.8366484,8.162462,1.32152,71.81,0.1616947,148.27,0.71802707,0.125085293,35809.9
360.61,8537.98,3801.64,611.84,12046.4,807700,23148566,3.7192276,8.695649,1.38968,72.65,0.16065458,143.5,0.66222565,0.128609056,39014.3
379.53,8653.23,3889.99,534.68,15025.3,967204,24999527,4.1830547,8.8521,1.42588,74.15,0.15737313,123.3,0.63770799,0.130939604,41028.6
89.35,848.02,507.1,7.03,342.2,13610,702225.1,2.1727563,2.4181,1.03797,43.48,0.2290147,62.1,0.16465609,0.149698786,12644
141.46,978.8,559.6,9.23,435.3,23251,817062.9,2.2478696,2.6416,1.15694,45.11,0.22205476,62.2,0.16332,0.148642211,14082.3
166.12,1126.16,592.43,26.43,465.9,32298,848807.5,2.3205352,2.8603,1.17166,46.54,0.22202602,74.75,0.18331406,0.148996604,15557.1
207.23,1530.91,715.78,37.6,607.89,43696,769189.7,2.4348335,3.089,1.26903,47.99,0.24194971,74.96,0.21504032,0.15027726,16873.4
223.32,2094.87,789.95,52.23,388.96,59239,827248,2.5176988,3.334,1.36904,49.24,0.24248211,78.01,0.19629183,0.152773132,18305.1
261.94,2216.39,967.97,52.89,711.65,56988,935995.6,2.7600811,3.6441,1.42942,50.59,0.26499385,89.77,0.21965697,0.155838415,19904.8
289.25,2760.11,1230.57,52.67,2053.66,44224,891031.1,2.7749943,3.9837,1.48126,51.82,0.26093587,102.42,0.21004851,0.160298181,21485
309.91,3022.98,1447.4,125.26,3587.8,41900,1044742.2,2.9261661,4.2778,1.53283,52.98,0.27550602,103.38,0.22160604,0.165520715,23328.2
325.17,3356.21,1650.84,112.06,4826.86,51712,1133331.9,3.1531049,4.4237,1.62174,54.2,0.27889848,106.39,0.21920591,0.168930943,24562.3
102.94,168.93,95.53,4.3,97.1,1824,78092.8,3.151523,3.0993,1.81782,51.02,0.31926361,88.4,0.32411354,0.141953802,14180
158.26,198.6,110.9,13.61,126.4,2359,93566.6,3.3306373,3.4053,2.18584,52.28,0.31822216,95.87,0.29785227,0.137580552,15733.3
179.62,223.9,120.28,19.63,128.8,2416,111009.5,3.3762769,3.7166,2.2133,53.3,0.3141468,100.44,0.28252,0.135375283,17476.5
230.33,398.39,149.45,26.7,171.31,3127,111841.1,3.8587432,3.9704,2.2835,54.91,0.33473139,98.16,0.23295979,0.134793705,18979
231.56,522.93,186.48,14.67,125.95,3658,79819.3,4.1468223,4.3009,2.50181,56.7,0.33960328,102.75,0.18429338,0.134434975,20653.4
275.64,571.63,228.71,38.59,251.27,4564,74814.9,4.1579907,4.6631,2.54765,58.04,0.32357581,108.83,0.15573884,0.135244673,22553.2
309.72,726.09,279.12,28.4,569.24,6451,113707.5,3.8142403,5.0263,2.72669,59.13,0.35001707,116.16,0.17159033,0.137890644,24579
328.75,794.11,323.2,64.19,874,9302,108154.4,3.6276425,5.3929,2.92326,59.37,0.35008938,120.21,0.17020753,0.140124589,26679.5
344.05,852.32,351.47,41.77,1146.73,14360,117021.3,3.6682452,5.5131,3.13178,60.27,0.35652881,112.61,0.16939578,0.14079904,27904.1
100.02,648.8,388.07,10.92,245.7,38924,1171045,3.0691786,3.9178,1.01873,56.64,0.26699972,70.9,0.28963866,0.124044634,14924
159.86,778.8,438.8,14.04,357.6,49036,1388198.8,3.1912752,4.3528,1.01822,58.29,0.23955392,80.16,0.32655617,0.121822234,16568.7
184.71,963.38,475.4,22.76,370.9,55298,1664719.6,3.2105507,4.8307,1.01238,59.74,0.23168216,86.58,0.4008651,0.120305243,18351.9
221.84,1349.36,602.72,33.5,493.55,82791,1996609,3.2915385,5.2476,1.07725,61.47,0.24126327,90.76,0.2891489,0.119115902,20110.1
233.89,1643.64,704.73,52.83,349.01,59518,2374858.9,3.2515435,5.8327,1.16165,63.33,0.22557367,94.48,0.23127586,0.118040843,22034.1
276.31,1935.17,866.93,43.77,611.48,64648,2799985.8,3.2572396,6.4176,1.22237,65,0.22323502,106.49,0.2240958,0.117440154,24153
301.53,2245.72,1070.14,46.65,1543.52,72121,2992091.1,3.3951017,6.8464,1.28564,66.61,0.22299551,117.7,0.24220268,0.118510562,26385.8
325.47,2318.19,1163.99,81.2,2603,67271,3358917.7,3.2444695,7.4337,1.3482,68.24,0.20535996,117.75,0.24533217,0.119054689,28920.4
344.76,2368.76,1228.37,86.57,3190.23,83826,3725609.5,3.3901483,7.8173,1.32176,69.46,0.19573608,113.56,0.25982034,0.118441879,30823.9
100.13,1316.32,823.02,26.12,619.9,66312,1422310.4,2.8375431,2.9627,0.850211,43.35,0.22833476,68.3,0.15606459,0.125736611,12753
153.04,1775.7,835.2,34.03,842.8,82453,1688902.3,2.9713811,3.275,0.873,44.96,0.23571133,77.5,0.15081219,0.117064509,14231
173.82,2200.39,883.12,67.07,909.6,91167,1960111.8,3.1078269,3.5563,0.938942,46.51,0.23817118,81.18,0.1492639,0.115325003,15749
215.48,3117.93,1424.02,104.4,1159.02,110746,2238051.4,3.2882365,3.715,1.02244,48.27,0.24947543,82.87,0.1050764,0.114101891,17221
225.41,3709.61,1851.23,138.09,714.93,142522,2572607.4,3.3531788,4.0297,1.17381,50,0.24317601,88.29,0.09882974,0.113812168,18808.3
267.8,4702.77,2167.53,118.38,1245.99,167484,3010846.4,3.3051047,4.5835,1.30917,51.78,0.23511921,92.67,0.12131309,0.113676969,20579.8
294.3,5400.5,2624.49,144.59,3297.15,152987,3423923.2,3.2642086,5.1658,1.39614,53.5,0.23864175,108.72,0.13869814,0.114916765,22460.5
317.11,5863.99,2811.75,217.05,5164.9,131529,3878571.9,3.1237378,5.5619,1.41776,55.36,0.22198837,112.76,0.14641099,0.116069776,24703.2
334.82,6284.68,2975.45,219.03,7526.73,160036,4276382.8,3.3511486,5.8009,1.4532,56.73,0.23042832,109.05,0.16591291,0.116307334,26522.1
75.87,466.76,243.93,3.3,244.1,11296,315078.7,2.7608651,1.894686,1.16415,36.3,0.40215989,66.9,0.06208909,0.186078199,9850
121.22,494.2,292.4,4.29,331.8,17405,342540.8,2.9003346,2.20891,1.19922,37.89,0.38119369,76.03,0.06439434,0.17938995,11083.1
154.62,580.63,310.86,8.6,353.9,22467,410132.3,2.9941973,2.510092,1.20291,40.24,0.38232796,82.25,0.07213058,0.17606848,12371.1
193.29,875.75,386.76,13.6,481.39,18295,457303.1,3.2999682,2.854705,1.21,42.96,0.37509902,83.34,0.07221315,0.173184035,13696.6
209.45,1113.93,459.45,18.81,336.23,25315,556852.5,3.548727,3.158947,1.22223,45.56,0.36193069,86.71,0.03210421,0.170804976,15121.1
251.46,1325.62,568.57,25.47,836.12,34610,648576.1,3.4827565,3.598841,1.3282,47.76,0.34063801,97.36,0.0405062,0.16991015,16703.7
276.91,1535.42,732.01,39.8,2193.37,44508,762279.7,3.4683466,4.027071,1.39677,49.54,0.33969655,109.46,0.03276916,0.17094516,18430.2
293.51,1759.85,892.85,119.93,3874.7,44328,910206,3.3248238,4.372709,1.42634,51.48,0.35473907,111.78,0.02701992,0.173281341,20397.4
307.94,1744.46,1002.4,110.07,5077.83,49200,1053573.9,3.4007607,4.6355,1.44619,53.15,0.32196268,106.15,0.03060862,0.17441268,21795.4
84.43,663.69,375.52,6.09,345.2,9260,384430.4,3.1263004,2.3992,1.12116,38.47,0.34654158,62.5,0.11953177,0.145272425,11233
137.9,736.9,404.7,8.36,452.8,11512,454278.3,3.1234983,2.7665,1.18917,39.99,0.34621388,72.46,0.12218627,0.140759017,12577.9
164.05,741.33,424.88,11.15,538.9,13343,516571.5,3.1913936,3.0217,1.2383,41.21,0.34632243,79.52,0.12952311,0.139552504,13772.2
203.76,1151.07,537.27,17,757.28,17603,619587.7,3.4104722,3.2117,1.34549,42.93,0.34604385,78.87,0.10196623,0.138427386,15222.6
217.34,1674.45,655.31,27.52,500.98,23709,741846.9,3.4765648,3.5051,1.46087,44.64,0.3393777,82.65,0.08076086,0.137804661,16719.9
256.27,1661.76,812.58,23.34,1143.47,28695,885587.7,3.420685,3.9458,1.55589,46.29,0.34885512,88.08,0.08565249,0.137630279,18348.3
285.79,1962.62,1019.43,46.62,2478.73,36515,1070171.5,3.3122366,4.4446,1.52934,47.44,0.3397455,96.47,0.09462472,0.138666872,20084.2
303.46,2091.09,1156.08,99,4185.2,35212,1297740.9,2.7794994,4.9323,1.50435,48.67,0.2915158,100.1,0.1000815,0.140126071,22082.4
318.48,2217.98,1278.12,89.87,5647.84,45153,1451453.9,2.8833369,5.2047,1.49705,50.05,0.28439966,104.92,0.11006159,0.141618667,23294.9
98.24,803.62,439.59,11.26,355.1,43608,1192770.2,2.5586287,3.745342,0.68512,49.71,0.2299622,87.2,0.0660559,0.121551201,12885
148.37,940.9,506.24,13.21,477.8,57287,1401479.9,2.6086533,4.190581,0.715603,51.57,0.2261628,93.32,0.07837408,0.114998686,14371.5
178.73,1070.41,552.44,20.21,520.7,56235,1606945.8,2.6830334,4.561001,0.750757,53.01,0.22399737,95.55,0.09659219,0.110593755,15836.8
216.12,1539.33,689.94,32.5,699.49,74904,1725829.3,3.0397582,4.665398,0.881109,54.74,0.24281954,94.04,0.10612828,0.109380967,17395
229.37,2083.06,802.96,43.08,464.99,69611,1844216.1,3.0893333,4.934132,0.947974,56.39,0.22626097,100.02,0.10444215,0.109757408,18873.7
266.85,1993.18,903.22,39.63,836,98935,1963696.7,2.9717505,5.521587,0.950981,58.07,0.2207056,110.04,0.12640755,0.110896158,20635.2
295.95,2239.57,1057.4,52.96,2215.91,76512,2165553.8,2.9327016,6.11152,0.971566,59.65,0.21697072,121.33,0.14733155,0.11356492,22528.3
322.89,2322.68,1197.66,107.41,3366.9,92087,2408037.2,3.0579336,6.550646,1.02064,61.28,0.22170675,119.72,0.13649026,0.116209026,24666.3
342.04,2576.46,1368.96,98.75,4148.73,99236,2684020.4,3.3853311,6.629158,1.10465,62.66,0.22650457,116.11,0.14383221,0.119210417,26226
76.29,430.76,163.3,2.38,180,8261,337784.9,3.0664911,2.11412,0.926026,38.78,0.36451073,68.8,0.10418126,0.153278392,9768
128.39,460.3,192.2,2.93,238.7,10976,400742.9,3.3002394,2.364667,1.00312,40.5,0.36482898,76.53,0.10540237,0.14070808,10954.4
159.76,473.18,213.87,4.81,264,12020,464409.8,3.6616142,2.572372,1.06237,42.28,0.37173565,79.46,0.0814273,0.135429475,12184.7
199.78,820.48,302.66,13.7,349.29,14584,486077.3,4.4222384,2.594598,1.32424,44.24,0.43566597,80.99,0.07553967,0.132422553,13466.6
204.11,946.04,392.86,11.11,232.05,20276,509227.6,4.6444974,2.739603,1.45909,46.07,0.43748168,84.44,0.06570261,0.131003571,14670.3
243.78,1099.87,576.38,11.66,456.19,24448,466911.6,4.7566941,2.91025,1.57458,48.12,0.44296039,96.22,0.04441566,0.130417526,16011
266.82,1127.95,742.84,25.37,1194.2,27882,476151.3,4.6143436,3.217816,1.59919,49.69,0.45745428,103.74,0.04909935,0.131840557,17488.4
289.14,1405.75,870.69,34.31,1958.9,27637,505544.3,4.6392519,3.470661,1.67572,50.7,0.4532535,103.92,0.04367861,0.133497688,19139
305.5,1460.57,931.42,42.69,2557.64,30732,521333.6,4.7857975,3.5848,1.75825,52.23,0.46174321,106.87,0.04230135,0.135933909,20335.1
61.47,105.58,49.92,1.24,54.5,844,84196.5,3.3835039,2.6839,1.18359,47.85,0.61210748,94.6,0.04780196,0.142450263,11467.8
118.01,117.8,54.9,1.11,67.5,1099,89540.4,3.5934045,3.0005,1.21539,49.29,0.57870654,93.88,0.05070605,0.138661821,12947.8
145.93,134.15,61.35,1.59,77.2,1534,92527.6,3.8400222,3.2218,1.28283,50.84,0.5849947,93.24,0.05711231,0.136549479,14374
195.15,208.14,82.28,2.6,101.65,2590,65029,4.2829482,3.4883,1.36765,51.67,0.62686333,87.88,0.0599138,0.135837608,15812.7
200.38,262.21,99.66,4.6,67.21,3284,77939.6,4.3939296,3.8968,1.34764,53.55,0.59273311,90.95,0.04498021,0.13507457,17301.8
240.2,310.55,120.15,2.01,161.68,3181,83275.6,4.6465104,4.2211,1.28223,55.45,0.58306252,102.09,0.01796073,0.13562628,19001
263.12,355.42,152.9,3.04,422.81,4439,67715.8,4.32978,4.6854,1.2674,57.27,0.57497304,113.79,0.01751095,0.142344804,20757.3
282.65,382.3,174.54,3.9,637,5017,93712,4.230921,4.9976,1.2872,58.78,0.62835516,110.73,0.01277892,0.144088136,22617.7
298.23,412.82,181.97,4.54,827.54,6736,103699.2,4.3032037,5.0845,1.33712,60.08,0.6430154,111.31,0.00763672,0.145344388,24037.4
87.13,122.06,60.91,1.46,61.1,1985,143696.4,2.938252,3.2609,0.956675,51.15,0.36918109,92.5,0.0656638,0.162103682,13104
136.74,150.3,71.1,1.6,80.4,3230,167493.5,3.0372405,3.5135,0.998112,52.84,0.35788747,95.87,0.08561143,0.158162132,14565.8
165.26,180.31,78.2,2.3,91.9,3532,186517.5,3.2110388,3.6815,1.02667,54.82,0.3635224,104.04,0.13495865,0.151968678,15906.8
214.7,200.76,92.46,3.8,123.23,4394,200453.1,3.4251675,3.7876,1.0976,56.98,0.39099585,95.32,0.09029067,0.148853795,17329.1
212.36,307.11,111.88,4.25,94.73,6149,239624.3,3.5209983,4.0339,1.15343,58.74,0.39593005,106.15,0.07767314,0.145344006,18832.3
255.59,415.05,159.15,3.27,204.87,8575,291101.4,3.5802193,4.5718,1.09794,60.95,0.3986514,116.16,0.10632069,0.143156379,20561.7
272.92,498.23,217.02,7.19,462.92,9860,369910.2,3.5314344,4.9614,1.17106,62.15,0.38300433,128.04,0.07119547,0.143690983,22400.4
292.31,520.04,259.09,8.15,743.9,9275,415733.1,3.7049684,5.2537,1.18543,63.63,0.38369953,119.24,0.06422057,0.144554001,24411.9
310.02,549.95,283.64,7.74,924.34,12172,453490.8,3.8400969,5.5021,1.22077,64.96,0.37759469,116.51,0.03135898,0.145070256,25734.9
82.45,548.07,255.02,3.24,246.6,7044,273424.7,2.772637,3.3103,0.866502,44.22,0.36241941,91,0.21436898,0.145793609,12151
143.4,628.6,293,4.07,317.1,8224,314257.4,2.9162798,3.6988,1.03055,44.94,0.36323758,94.24,0.20338537,0.142687702,13669.6
163.67,734.3,305.7,5.72,329,10210,357811.7,2.9605994,4.0193,1.05202,46.79,0.35777261,90.38,0.18348049,0.142683312,15096.6
205.49,1023.79,409.54,8.7,382.55,12250,366179.8,3.3752038,3.952,1.29166,48.78,0.40803771,85.96,0.13163231,0.144830566,16859.1
208.72,1323.9,468.4,13.37,252.85,14105,390945.5,3.5748365,4.002,1.36723,50.42,0.42884753,88.91,0.12164637,0.147939745,18354.7
248.69,1407.42,569.91,8.24,333.28,14260,400467.8,3.6051134,4.5476,1.34561,51.9,0.42614014,92.13,0.12444072,0.151417823,19975.1
271.84,1678.63,647.25,8.01,856.18,14647,448778.8,3.373397,5.1238,1.38714,54.01,0.41089164,108.73,0.10331969,0.154802857,21500.2
294.34,1818.97,775.9,15.87,2006,14771,441346.9,3.2345329,5.3542,1.46955,55.51,0.39092793,108.79,0.12027943,0.160703947,23103.4
308.35,1943.82,883.86,13.17,3092.05,18843,391938.6,3.4695019,5.3606,1.46924,56.53,0.40102337,110.11,0.10685047,0.166712823,23844.7
